<?xml version="1.0" encoding="UTF-8" standalone="yes"?>
<addon id="plugin.video.vidpk"
       name="Vidpk"
       version="0.0.6"
       provider-name="icharania">
  <requires>
    <import addon="xbmc.python" version="1.0"/>
    <import addon="script.module.beautifulsoup"	version="3.2.0"/>
    <import addon="script.module.simplejson" version="2.0.10"/>
  </requires>
  <extension point="xbmc.python.pluginsource"
            library="default.py">
        <provides>video</provides>
  </extension>
  <extension point="xbmc.addon.metadata">
    <summary>vidpk.com</summary>
    <description>vidpk is Pakistan's premier video sharing and entertainment website</description>
    <platform>all</platform>
    <disclaimer>This addon makes no warranties, expressed or implied, and
    hereby disclaims and negates all other warranties, including without
    limitation, implied warranties or conditions of merchantability,
    fitness for a particular purpose, or non-infringement of intellectual
    property or other violation of rights</disclaimer>
    </extension>
</addon>
