<?xml version="1.0" encoding="UTF-8" standalone="yes"?>
<addon id="plugin.video.paktv"
       name="paktv"
       version="0.0.3"
       provider-name="icharania">
  <requires>
    <import addon="xbmc.python" version="1.0"/>
    <import addon="script.module.beautifulsoup"	version="3.2.0"/>
    <import addon="script.module.requests" version="1.1.0"/>
    <import addon="script.module.urlresolver" version="2.0.9"/>
  </requires>
  <extension point="xbmc.python.pluginsource"
            library="default.py">
        <provides>video</provides>
  </extension>
  <extension point="xbmc.addon.metadata">
    <summary>The Pak TV</summary>
    <description>Watch Pakistani TV</description>
    <platform>all</platform>
    <disclaimer>This addon makes no warranties, expressed or implied, and
    hereby disclaims and negates all other warranties, including without
    limitation, implied warranties or conditions of merchantability,
    fitness for a particular purpose, or non-infringement of intellectual
    property or other violation of rights</disclaimer>
    </extension>
</addon>
