<?xml version="1.0" encoding="UTF-8" standalone="yes"?>
<addon id="plugin.video.india4movie" name="India4movie" version="0.2.0" provider-name="Irfan Charania">
  <requires>
    <import addon="xbmc.python" version="2.1.0"/>
    <import addon="script.module.xbmcswift2" version="2.4.0"/>
    <import addon="script.module.beautifulsoup4" version="4.3.2"/>
    <import addon="script.module.urlresolver"/>
    <import addon="script.module.requests"/>
    <import addon="plugin.video.youtube" optional="true" />
  </requires>
  <extension point="xbmc.python.pluginsource" library="addon.py">
    <provides>video</provides>
  </extension>
  <extension point="xbmc.addon.metadata">
    <platform>all</platform>
    <language>en</language>
    <website>http://www.india4movie.co/</website>
    <license>GNU GENERAL PUBLIC LICENSE. Version 2, June 1991</license>
    <source>https://github.com/irfancharania/plugin.video.india4movie</source>
    <summary lang="en">Scrapes movies from www.india4movie.co, movierulz.to, fullnewmovie.net</summary>
    <description>This addon provides movies in the following categories: Dubbed, Pakistani, Hindi, Hollywood, Malayalam, Marathi, Punjabi, Tamil, Telegu

Still needs lots of work. Not fully tested.

The addon relies on the following addons to resolve/play videos:
Url Resolver
YouTube</description>
  </extension>
</addon>
