<?xml version="1.0" encoding="UTF-8" standalone="yes"?>
<addon id="repository.icharania" name="icharania repo" version="1.0.1" provider-name="icharania">
	<extension point="xbmc.addon.repository" name="icharania repo">
		<info compressed="false">https://raw.github.com/irfancharania/icharania.repo/master/addons.xml</info>
		<checksum>https://raw.github.com/irfancharania/icharania/master/addons.xml.md5</checksum>
		<datadir zip="true">https://raw.github.com/irfancharania/icharania.repo/master/zips</datadir>
	</extension>
	<extension point="xbmc.addon.metadata">
		<summary>Addons from icharania</summary>
		<description></description>
		<disclaimer>The owners and submitters to this repository do not host or distribute any of the content displayed by these addons nor do they have any affiliation with the content providers.</disclaimer>
		<platform>all</platform>
	</extension>
</addon>